{
  "basePath": "/product-app-wiz",
  "assetPath": "/assets/public",
  "domains": {
      "srcdq": "https://api-int.nmlv.nml.com",
      "npirqa": "https://api-int.nmlv.nml.com",
      "srclov": "https://api-int.nmlv.nml.com",
      "graph": "https://graph.windows.net/6eddd185-7ad7-4ee3-9481-04644b9f43a2",
      "fr":"https://api-int.nmlv.nml.com",
      "newbusiness": "https://api-int.nmlv.nml.com",
      "srcpdfgen": "https://api-int.nmlv.nml.com"
  },
  "services": {
      "questions": "/v1/src-npi-rqa/product-apps",
      "productAppQuestions": "/v1/src-reflexive-questions/prod-app-questions",
      "reflexiveQuestions": "/v1/src-reflexive-questions",
      "listOfValues": "/v1/ms-npi-options-val",
      "graphUsers": "/users",
      "graphMemberOf": "/memberOf",
      "newbusinessCodePairs": "/v1/nb-digapp-datamap/parentcontrol",
      "nbValidateName": "/v1/nb-digapp-partyvalidation/namevalidation/validate",
      "financialRepData": "/field",
      "getforms": "/v1/src-npi-app-pdf-gen/get-forms"
  },
  "client": {},
  "cookieNames": {},
  "detailedErrors": true
}
