{
  "name": "development",
  "root": "/",
  "domains": {
      "assets": "",
      "srcdq": "http://localhost:9080",
      "npirqa": "http://localhost:9041",
      "srclov": "http://localhost:9090",
      "srcpdfgen": "http://localhost:9093"
  },
  "services": {
    "questions": "/api/v1/src-npi-rqa/product-apps",
      "productAppQuestions": "/api/v1/src-reflexive-questions/prod-app-questions",
      "reflexiveQuestions": "/api/v1/src-reflexive-questions",
      "listOfValues": "/api/v1/ms-npi-options-val",
      "getforms": "/api/v1/src-npi-app-pdf-gen/get-forms"
  },
  "adal": {
        "instance": "https://login.microsoftonline.com/",
        "tenant": "nmfntest.onmicrosoft.com",
        "clientId": "d5c8f95f-13d4-422d-b35b-bf9e9640e13c",
        "extraQueryParameter": "nux=1&domain_hint=nmcop.com",
        "cacheLocation": "localStorage",
        "redirectUri": "http://localhost:8080/product-app-wiz",
        "expireOffsetSeconds": 300
    },
  "apikeys": {
    "npi-apps": {
      "key": "1k21kPESbQWO47U8slA58cAibhKHtsHi"
    }
  }
}
