{
  "name": "int",
  "domains": {
    "assets": ""
  },
  "client": {},
  "adal": {
    "instance": "https://login.microsoftonline.com/",
    "tenant": "nmfntest.onmicrosoft.com",
    "clientId": "d5c8f95f-13d4-422d-b35b-bf9e9640e13c",
    "extraQueryParameter": "nux=1&domain_hint=nmcop.com",
    "cacheLocation": "localStorage",
    "redirectUri": "https://src-int.nmlv.nml.com/product-app-wiz",
    "expireOffsetSeconds": 300
  },
  "apikeys": {
		"npi-apps": {
      "path": "/var/run/secrets/kubernetes.io/src-npi-apps-apikey/apikey"
    }
  }
}
