{
  "name": "production",
  "basePath": "/product-app-wiz",
  "assetPath": "/assets/public",
  "domains": {
      "srcdq": "https://api.nmlv.nml.com",
      "npirqa": "https://api.nmlv.nml.com",
      "srclov": "https://api.nmlv.nml.com",
      "graph": "https://graph.windows.net/6eddd185-7ad7-4ee3-9481-04644b9f43a2",
      "fr":"https://api.nmlv.nml.com",
      "newbusiness": "https://api.nmlv.nml.com",
      "srcpdfgen": "https://api.nmlv.nml.com"
  },
  "client": {},
	"adal": {
        "instance": "https://login.microsoftonline.com/",
        "tenant": "nmfntest.onmicrosoft.com",
        "clientId": "d5c8f95f-13d4-422d-b35b-bf9e9640e13c",
        "extraQueryParameter": "nux=1&domain_hint=nmcop.com",
        "cacheLocation": "localStorage",
        "redirectUri": "https://src.nmlv.nml.com/product-app-wiz",
        "expireOffsetSeconds": 300
  },
  "cookieNames": {},
  "detailedErrors": true,
  "apikeys": {
		"npi-apps": {
      "path": "/var/run/secrets/kubernetes.io/src-npi-apps-apikey/apikey"
    }
  }
}
